po_code,sku_code,vendor_id,vendor_name,product_qty,po_created_date,po_receipt_date,facility_code,product_cost_price,total_po_value,entry_timestamp
PO_00001,BGT_SKU_028,VNDR_005,Beauty Suppliers Inc. 5,224,26-05-2025,02-06-2025,WH-KOL,1552.89,616497.33,26-05-2025 04:36
PO_00002,BGT_SKU_029,VNDR_015,Beauty Suppliers Inc. 15,278,26-05-2025,30-05-2025,WH-BLR,1413.78,848268,26-05-2025 16:48
PO_00003,BGT_SKU_091,VNDR_004,Beauty Suppliers Inc. 4,367,26-05-2025,04-06-2025,WH-KOL,1134.79,1068972.18,26-05-2025 07:29
PO_00004,BGT_SKU_064,VNDR_015,Beauty Suppliers Inc. 15,196,26-05-2025,31-05-2025,WH-MUM,1691.7,913518,26-05-2025 18:08
PO_00005,BGT_SKU_083,VNDR_011,Beauty Suppliers Inc. 11,227,26-05-2025,08-06-2025,WH-GGN,771.85,627514.05,26-05-2025 21:05
PO_00006,BGT_SKU_025,VNDR_003,Beauty Suppliers Inc. 3,489,26-05-2025,05-06-2025,WH-GGN,1698.56,1462460.16,26-05-2025 10:28
PO_00007,BGT_SKU_001,VNDR_011,Beauty Suppliers Inc. 11,251,26-05-2025,09-06-2025,WH-KOL,625.16,392600.48,26-05-2025 10:55
PO_00008,BGT_SKU_037,VNDR_013,Beauty Suppliers Inc. 13,174,26-05-2025,30-05-2025,WH-KOL,418.06,271320.94,26-05-2025 08:13
PO_00009,BGT_SKU_004,VNDR_005,Beauty Suppliers Inc. 5,386,26-05-2025,07-06-2025,WH-GGN,191.5,138263,26-05-2025 01:33
PO_00010,BGT_SKU_046,VNDR_008,Beauty Suppliers Inc. 8,57,26-05-2025,05-06-2025,WH-BLR,831.12,250998.24,26-05-2025 03:48
PO_00011,BGT_SKU_025,VNDR_006,Beauty Suppliers Inc. 6,182,26-05-2025,10-06-2025,WH-MUM,1698.56,528252.16,26-05-2025 21:35
PO_00012,BGT_SKU_076,VNDR_001,Beauty Suppliers Inc. 1,495,26-05-2025,04-06-2025,WH-BLR,1343.21,949649.47,26-05-2025 17:03
PO_00013,BGT_SKU_094,VNDR_005,Beauty Suppliers Inc. 5,221,26-05-2025,01-06-2025,WH-KOL,1236.1,221261.9,26-05-2025 09:40
PO_00014,BGT_SKU_080,VNDR_013,Beauty Suppliers Inc. 13,464,26-05-2025,03-06-2025,WH-BLR,1281.08,1277236.76,26-05-2025 18:53
PO_00015,BGT_SKU_077,VNDR_013,Beauty Suppliers Inc. 13,322,26-05-2025,07-06-2025,WH-MUM,1626.27,1462016.73,26-05-2025 22:28
PO_00016,BGT_SKU_003,VNDR_004,Beauty Suppliers Inc. 4,190,26-05-2025,08-06-2025,WH-MUM,328.15,315352.15,26-05-2025 03:43
PO_00017,BGT_SKU_058,VNDR_011,Beauty Suppliers Inc. 11,475,26-05-2025,28-05-2025,WH-GGN,335.48,23819.08,26-05-2025 06:51
PO_00018,BGT_SKU_004,VNDR_005,Beauty Suppliers Inc. 5,202,26-05-2025,03-06-2025,WH-GGN,191.5,187670,26-05-2025 19:20
PO_00019,BGT_SKU_070,VNDR_015,Beauty Suppliers Inc. 15,433,26-05-2025,03-06-2025,WH-MUM,817.62,215034.06,26-05-2025 10:36
PO_00020,BGT_SKU_086,VNDR_001,Beauty Suppliers Inc. 1,359,26-05-2025,10-06-2025,WH-KOL,1724.97,1067756.43,26-05-2025 01:39
PO_00021,BGT_SKU_043,VNDR_015,Beauty Suppliers Inc. 15,101,27-05-2025,05-06-2025,WH-GGN,217.98,90243.72,27-05-2025 18:22
PO_00022,BGT_SKU_018,VNDR_015,Beauty Suppliers Inc. 15,235,27-05-2025,06-06-2025,WH-GGN,2389.97,1257124.22,27-05-2025 01:43
PO_00023,BGT_SKU_085,VNDR_012,Beauty Suppliers Inc. 12,358,27-05-2025,29-05-2025,WH-BLR,892.57,143703.77,27-05-2025 14:51
PO_00024,BGT_SKU_012,VNDR_007,Beauty Suppliers Inc. 7,378,27-05-2025,11-06-2025,WH-KOL,1457.59,384803.76,27-05-2025 03:28
PO_00025,BGT_SKU_091,VNDR_013,Beauty Suppliers Inc. 13,358,27-05-2025,11-06-2025,WH-KOL,1134.79,922584.27,27-05-2025 22:29
PO_00026,BGT_SKU_044,VNDR_004,Beauty Suppliers Inc. 4,85,27-05-2025,28-05-2025,WH-MUM,1297.75,615133.5,27-05-2025 11:57
PO_00027,BGT_SKU_075,VNDR_005,Beauty Suppliers Inc. 5,50,27-05-2025,29-05-2025,WH-KOL,1190.04,1159098.96,27-05-2025 17:48
PO_00028,BGT_SKU_023,VNDR_013,Beauty Suppliers Inc. 13,304,27-05-2025,05-06-2025,WH-BLR,1612.83,743514.63,27-05-2025 01:10
PO_00029,BGT_SKU_050,VNDR_012,Beauty Suppliers Inc. 12,97,27-05-2025,09-06-2025,WH-GGN,336.08,301463.76,27-05-2025 14:06
PO_00030,BGT_SKU_091,VNDR_004,Beauty Suppliers Inc. 4,272,27-05-2025,07-06-2025,WH-MUM,1134.79,1047411.17,27-05-2025 16:32
PO_00031,BGT_SKU_100,VNDR_006,Beauty Suppliers Inc. 6,271,28-05-2025,31-05-2025,WH-BLR,860.33,153999.07,28-05-2025 10:22
PO_00032,BGT_SKU_081,VNDR_014,Beauty Suppliers Inc. 14,420,28-05-2025,30-05-2025,WH-KOL,136.78,97113.8,28-05-2025 01:04
PO_00033,BGT_SKU_093,VNDR_007,Beauty Suppliers Inc. 7,487,28-05-2025,30-05-2025,WH-KOL,496.03,121527.35,28-05-2025 21:25
PO_00034,BGT_SKU_093,VNDR_010,Beauty Suppliers Inc. 10,151,28-05-2025,03-06-2025,WH-KOL,496.03,296625.94,28-05-2025 17:18
PO_00035,BGT_SKU_090,VNDR_007,Beauty Suppliers Inc. 7,500,28-05-2025,12-06-2025,WH-MUM,200.89,32343.29,28-05-2025 02:12
PO_00036,BGT_SKU_067,VNDR_015,Beauty Suppliers Inc. 15,180,28-05-2025,31-05-2025,WH-BLR,499.18,438779.22,28-05-2025 05:10
PO_00037,BGT_SKU_078,VNDR_006,Beauty Suppliers Inc. 6,493,28-05-2025,04-06-2025,WH-KOL,1627.39,284793.25,28-05-2025 05:24
PO_00038,BGT_SKU_051,VNDR_003,Beauty Suppliers Inc. 3,476,28-05-2025,12-06-2025,WH-MUM,1094.46,1020036.72,28-05-2025 20:20
PO_00039,BGT_SKU_068,VNDR_006,Beauty Suppliers Inc. 6,181,28-05-2025,31-05-2025,WH-KOL,601.54,337463.94,28-05-2025 10:57
PO_00040,BGT_SKU_001,VNDR_015,Beauty Suppliers Inc. 15,498,28-05-2025,31-05-2025,WH-KOL,625.16,411355.28,28-05-2025 02:09
PO_00041,BGT_SKU_036,VNDR_005,Beauty Suppliers Inc. 5,407,29-05-2025,30-05-2025,WH-KOL,1411.41,1109368.26,29-05-2025 09:57
PO_00042,BGT_SKU_012,VNDR_007,Beauty Suppliers Inc. 7,347,29-05-2025,09-06-2025,WH-MUM,1457.59,1440098.92,29-05-2025 09:24
PO_00043,BGT_SKU_072,VNDR_013,Beauty Suppliers Inc. 13,474,29-05-2025,02-06-2025,WH-KOL,2011.48,744247.6,29-05-2025 11:30
PO_00044,BGT_SKU_067,VNDR_002,Beauty Suppliers Inc. 2,115,29-05-2025,02-06-2025,WH-BLR,499.18,42430.3,29-05-2025 06:08
PO_00045,BGT_SKU_020,VNDR_009,Beauty Suppliers Inc. 9,82,29-05-2025,12-06-2025,WH-BLR,438.47,317890.75,29-05-2025 23:24
PO_00046,BGT_SKU_039,VNDR_010,Beauty Suppliers Inc. 10,402,29-05-2025,05-06-2025,WH-GGN,1426.14,1367668.26,29-05-2025 12:09
PO_00047,BGT_SKU_086,VNDR_001,Beauty Suppliers Inc. 1,136,30-05-2025,14-06-2025,WH-GGN,1724.97,812460.87,30-05-2025 15:41
PO_00048,BGT_SKU_079,VNDR_007,Beauty Suppliers Inc. 7,498,30-05-2025,11-06-2025,WH-BLR,1080.47,450555.99,30-05-2025 10:07
PO_00049,BGT_SKU_012,VNDR_007,Beauty Suppliers Inc. 7,93,30-05-2025,12-06-2025,WH-BLR,1457.59,234671.99,30-05-2025 21:38
PO_00050,BGT_SKU_053,VNDR_013,Beauty Suppliers Inc. 13,224,30-05-2025,13-06-2025,WH-GGN,471.41,33941.52,30-05-2025 17:57
PO_00051,BGT_SKU_045,VNDR_003,Beauty Suppliers Inc. 3,108,30-05-2025,01-06-2025,WH-GGN,1697.47,1317236.72,30-05-2025 06:16
PO_00052,BGT_SKU_082,VNDR_004,Beauty Suppliers Inc. 4,72,30-05-2025,30-05-2025,WH-KOL,1440.99,322781.76,30-05-2025 21:33
PO_00053,BGT_SKU_016,VNDR_007,Beauty Suppliers Inc. 7,351,30-05-2025,14-06-2025,WH-BLR,1336.03,236477.31,30-05-2025 06:49
PO_00054,BGT_SKU_084,VNDR_009,Beauty Suppliers Inc. 9,121,30-05-2025,04-06-2025,WH-MUM,456.33,284749.92,30-05-2025 22:59
PO_00055,BGT_SKU_094,VNDR_004,Beauty Suppliers Inc. 4,232,30-05-2025,03-06-2025,WH-KOL,1236.1,488259.5,30-05-2025 05:13
PO_00056,BGT_SKU_007,VNDR_009,Beauty Suppliers Inc. 9,363,30-05-2025,12-06-2025,WH-MUM,195.56,97780,30-05-2025 11:40
PO_00057,BGT_SKU_034,VNDR_015,Beauty Suppliers Inc. 15,376,30-05-2025,11-06-2025,WH-MUM,2035.75,193396.25,30-05-2025 09:01
PO_00058,BGT_SKU_078,VNDR_006,Beauty Suppliers Inc. 6,344,30-05-2025,08-06-2025,WH-KOL,1627.39,253872.84,30-05-2025 18:01
PO_00059,BGT_SKU_062,VNDR_013,Beauty Suppliers Inc. 13,50,30-05-2025,05-06-2025,WH-MUM,774.3,318237.3,30-05-2025 06:42
PO_00060,BGT_SKU_017,VNDR_012,Beauty Suppliers Inc. 12,329,30-05-2025,09-06-2025,WH-KOL,934.57,241119.06,30-05-2025 08:49
PO_00061,BGT_SKU_038,VNDR_006,Beauty Suppliers Inc. 6,245,30-05-2025,11-06-2025,WH-MUM,1677.26,348870.08,30-05-2025 03:52
PO_00062,BGT_SKU_078,VNDR_006,Beauty Suppliers Inc. 6,490,31-05-2025,31-05-2025,WH-BLR,1627.39,572841.28,31-05-2025 05:41
PO_00063,BGT_SKU_023,VNDR_009,Beauty Suppliers Inc. 9,296,31-05-2025,08-06-2025,WH-KOL,1612.83,804802.17,31-05-2025 03:36
PO_00064,BGT_SKU_009,VNDR_004,Beauty Suppliers Inc. 4,394,31-05-2025,11-06-2025,WH-BLR,850.37,575700.49,31-05-2025 22:19
PO_00065,BGT_SKU_088,VNDR_002,Beauty Suppliers Inc. 2,474,31-05-2025,07-06-2025,WH-KOL,1597.96,851712.68,31-05-2025 07:52
PO_00066,BGT_SKU_013,VNDR_014,Beauty Suppliers Inc. 14,210,31-05-2025,03-06-2025,WH-MUM,466.16,464295.36,31-05-2025 07:14
PO_00067,BGT_SKU_045,VNDR_003,Beauty Suppliers Inc. 3,267,31-05-2025,03-06-2025,WH-GGN,1697.47,439644.73,31-05-2025 07:28
PO_00068,BGT_SKU_019,VNDR_007,Beauty Suppliers Inc. 7,280,31-05-2025,05-06-2025,WH-MUM,815.59,72587.51,31-05-2025 08:31
PO_00069,BGT_SKU_014,VNDR_011,Beauty Suppliers Inc. 11,271,31-05-2025,15-06-2025,WH-BLR,736.05,420284.55,31-05-2025 23:45
PO_00070,BGT_SKU_010,VNDR_010,Beauty Suppliers Inc. 10,496,31-05-2025,11-06-2025,WH-MUM,672.21,138475.26,31-05-2025 00:51
PO_00071,BGT_SKU_070,VNDR_015,Beauty Suppliers Inc. 15,55,31-05-2025,03-06-2025,WH-MUM,817.62,461955.3,31-05-2025 19:23
PO_00072,BGT_SKU_009,VNDR_005,Beauty Suppliers Inc. 5,126,31-05-2025,08-06-2025,WH-BLR,850.37,523827.92,31-05-2025 15:55
PO_00073,BGT_SKU_079,VNDR_007,Beauty Suppliers Inc. 7,131,01-06-2025,01-06-2025,WH-MUM,1080.47,863295.53,01-06-2025 14:08
PO_00074,BGT_SKU_006,VNDR_009,Beauty Suppliers Inc. 9,39,01-06-2025,01-06-2025,WH-MUM,1291.93,1224749.64,01-06-2025 13:38
PO_00075,BGT_SKU_089,VNDR_007,Beauty Suppliers Inc. 7,150,01-06-2025,13-06-2025,WH-GGN,889.1,143145.1,01-06-2025 15:48
PO_00076,BGT_SKU_034,VNDR_012,Beauty Suppliers Inc. 12,343,01-06-2025,08-06-2025,WH-KOL,2035.75,449900.75,01-06-2025 23:11
PO_00077,BGT_SKU_065,VNDR_006,Beauty Suppliers Inc. 6,28,01-06-2025,04-06-2025,WH-BLR,1026.99,158156.46,01-06-2025 02:08
PO_00078,BGT_SKU_012,VNDR_007,Beauty Suppliers Inc. 7,101,02-06-2025,09-06-2025,WH-KOL,1457.59,950348.68,02-06-2025 01:36
PO_00079,BGT_SKU_091,VNDR_004,Beauty Suppliers Inc. 4,463,02-06-2025,14-06-2025,WH-BLR,1134.79,938471.33,02-06-2025 18:59
PO_00080,BGT_SKU_057,VNDR_008,Beauty Suppliers Inc. 8,293,02-06-2025,09-06-2025,WH-BLR,453.69,64877.67,02-06-2025 20:29
PO_00081,BGT_SKU_024,VNDR_001,Beauty Suppliers Inc. 1,384,02-06-2025,12-06-2025,WH-MUM,1211.99,730829.97,02-06-2025 18:30
PO_00082,BGT_SKU_014,VNDR_011,Beauty Suppliers Inc. 11,200,02-06-2025,12-06-2025,WH-BLR,736.05,313557.3,02-06-2025 03:00
PO_00083,BGT_SKU_015,VNDR_008,Beauty Suppliers Inc. 8,176,02-06-2025,14-06-2025,WH-MUM,183.32,55912.6,02-06-2025 15:12
PO_00084,BGT_SKU_064,VNDR_015,Beauty Suppliers Inc. 15,306,02-06-2025,04-06-2025,WH-MUM,1691.7,610703.7,02-06-2025 02:30
PO_00085,BGT_SKU_030,VNDR_011,Beauty Suppliers Inc. 11,106,02-06-2025,11-06-2025,WH-MUM,1177.97,1165012.33,02-06-2025 00:44
PO_00086,BGT_SKU_086,VNDR_005,Beauty Suppliers Inc. 5,66,02-06-2025,17-06-2025,WH-MUM,1724.97,1402400.61,02-06-2025 04:30
PO_00087,BGT_SKU_047,VNDR_004,Beauty Suppliers Inc. 4,75,02-06-2025,04-06-2025,WH-MUM,924.29,495419.44,02-06-2025 21:41
PO_00088,BGT_SKU_078,VNDR_006,Beauty Suppliers Inc. 6,208,02-06-2025,17-06-2025,WH-GGN,1627.39,1625762.61,02-06-2025 05:50
PO_00089,BGT_SKU_014,VNDR_011,Beauty Suppliers Inc. 11,408,02-06-2025,02-06-2025,WH-GGN,736.05,345943.5,02-06-2025 19:24
PO_00090,BGT_SKU_056,VNDR_008,Beauty Suppliers Inc. 8,454,02-06-2025,03-06-2025,WH-BLR,694.51,667424.11,02-06-2025 17:13
PO_00091,BGT_SKU_044,VNDR_004,Beauty Suppliers Inc. 4,282,03-06-2025,07-06-2025,WH-KOL,1297.75,154432.25,03-06-2025 14:29
PO_00092,BGT_SKU_069,VNDR_001,Beauty Suppliers Inc. 1,346,03-06-2025,15-06-2025,WH-MUM,184,47288,03-06-2025 04:43
PO_00093,BGT_SKU_021,VNDR_008,Beauty Suppliers Inc. 8,422,03-06-2025,07-06-2025,WH-KOL,1061.77,293048.52,03-06-2025 18:22
PO_00094,BGT_SKU_096,VNDR_010,Beauty Suppliers Inc. 10,360,03-06-2025,11-06-2025,WH-KOL,197.56,19558.44,03-06-2025 02:17
PO_00095,BGT_SKU_039,VNDR_010,Beauty Suppliers Inc. 10,429,03-06-2025,08-06-2025,WH-MUM,1426.14,988315.02,03-06-2025 02:55
PO_00096,BGT_SKU_046,VNDR_008,Beauty Suppliers Inc. 8,121,03-06-2025,09-06-2025,WH-BLR,831.12,476231.76,03-06-2025 01:49
PO_00097,BGT_SKU_078,VNDR_006,Beauty Suppliers Inc. 6,44,03-06-2025,06-06-2025,WH-BLR,1627.39,1365380.21,03-06-2025 04:46
PO_00098,BGT_SKU_059,VNDR_005,Beauty Suppliers Inc. 5,355,03-06-2025,13-06-2025,WH-MUM,787.78,262330.74,03-06-2025 12:07
PO_00099,BGT_SKU_062,VNDR_013,Beauty Suppliers Inc. 13,428,03-06-2025,16-06-2025,WH-KOL,774.3,599308.2,03-06-2025 14:06
PO_00100,BGT_SKU_013,VNDR_014,Beauty Suppliers Inc. 14,160,03-06-2025,03-06-2025,WH-GGN,466.16,373394.16,03-06-2025 17:51
PO_00101,BGT_SKU_062,VNDR_001,Beauty Suppliers Inc. 1,334,03-06-2025,16-06-2025,WH-GGN,774.3,252421.8,03-06-2025 20:22
PO_00102,BGT_SKU_093,VNDR_006,Beauty Suppliers Inc. 6,165,03-06-2025,17-06-2025,WH-GGN,496.03,440970.67,03-06-2025 10:14
PO_00103,BGT_SKU_030,VNDR_011,Beauty Suppliers Inc. 11,131,03-06-2025,05-06-2025,WH-BLR,1177.97,342789.27,03-06-2025 14:29
PO_00104,BGT_SKU_027,VNDR_005,Beauty Suppliers Inc. 5,192,03-06-2025,11-06-2025,WH-KOL,1810.35,912416.4,03-06-2025 10:49
PO_00105,BGT_SKU_079,VNDR_007,Beauty Suppliers Inc. 7,241,03-06-2025,12-06-2025,WH-MUM,1080.47,1006998.04,03-06-2025 17:11
PO_00106,BGT_SKU_020,VNDR_013,Beauty Suppliers Inc. 13,206,03-06-2025,16-06-2025,WH-BLR,438.47,188980.57,03-06-2025 10:42
PO_00107,BGT_SKU_038,VNDR_006,Beauty Suppliers Inc. 6,439,04-06-2025,05-06-2025,WH-BLR,1677.26,1452507.16,04-06-2025 05:10
PO_00108,BGT_SKU_078,VNDR_006,Beauty Suppliers Inc. 6,458,04-06-2025,16-06-2025,WH-KOL,1627.39,266891.96,04-06-2025 17:50
PO_00109,BGT_SKU_002,VNDR_014,Beauty Suppliers Inc. 14,357,04-06-2025,08-06-2025,WH-MUM,1889.17,1755038.93,04-06-2025 13:37
PO_00110,BGT_SKU_094,VNDR_005,Beauty Suppliers Inc. 5,344,04-06-2025,06-06-2025,WH-GGN,1236.1,148332,04-06-2025 04:42
PO_00111,BGT_SKU_090,VNDR_005,Beauty Suppliers Inc. 5,141,04-06-2025,07-06-2025,WH-BLR,200.89,64284.8,04-06-2025 21:47
PO_00112,BGT_SKU_039,VNDR_010,Beauty Suppliers Inc. 10,233,04-06-2025,05-06-2025,WH-GGN,1426.14,1163730.24,04-06-2025 16:48
PO_00113,BGT_SKU_084,VNDR_007,Beauty Suppliers Inc. 7,82,04-06-2025,18-06-2025,WH-BLR,456.33,309848.07,04-06-2025 12:25
PO_00114,BGT_SKU_043,VNDR_007,Beauty Suppliers Inc. 7,172,04-06-2025,11-06-2025,WH-BLR,217.98,63650.16,04-06-2025 16:57
PO_00115,BGT_SKU_083,VNDR_003,Beauty Suppliers Inc. 3,336,04-06-2025,12-06-2025,WH-GGN,771.85,564222.35,04-06-2025 22:31
PO_00116,BGT_SKU_090,VNDR_004,Beauty Suppliers Inc. 4,161,04-06-2025,12-06-2025,WH-GGN,200.89,161515.56,04-06-2025 21:53
PO_00117,BGT_SKU_064,VNDR_009,Beauty Suppliers Inc. 9,86,04-06-2025,12-06-2025,WH-KOL,1691.7,1250166.3,04-06-2025 02:04
PO_00118,BGT_SKU_014,VNDR_011,Beauty Suppliers Inc. 11,431,04-06-2025,14-06-2025,WH-BLR,736.05,377593.65,04-06-2025 04:12
PO_00119,BGT_SKU_040,VNDR_014,Beauty Suppliers Inc. 14,186,04-06-2025,05-06-2025,WH-KOL,318.09,88110.93,04-06-2025 19:16
PO_00120,BGT_SKU_026,VNDR_006,Beauty Suppliers Inc. 6,440,04-06-2025,07-06-2025,WH-MUM,1968.9,137823,04-06-2025 08:02
PO_00121,BGT_SKU_025,VNDR_006,Beauty Suppliers Inc. 6,220,04-06-2025,17-06-2025,WH-GGN,1698.56,1460761.6,04-06-2025 21:35
PO_00122,BGT_SKU_100,VNDR_011,Beauty Suppliers Inc. 11,275,04-06-2025,06-06-2025,WH-GGN,860.33,560935.16,04-06-2025 08:17
PO_00123,BGT_SKU_011,VNDR_015,Beauty Suppliers Inc. 15,65,04-06-2025,05-06-2025,WH-GGN,409.67,81934,04-06-2025 15:04
PO_00124,BGT_SKU_062,VNDR_013,Beauty Suppliers Inc. 13,484,04-06-2025,05-06-2025,WH-KOL,774.3,363921,04-06-2025 13:43
PO_00125,BGT_SKU_037,VNDR_013,Beauty Suppliers Inc. 13,170,05-06-2025,07-06-2025,WH-BLR,418.06,230769.12,05-06-2025 03:21
PO_00126,BGT_SKU_088,VNDR_002,Beauty Suppliers Inc. 2,109,05-06-2025,19-06-2025,WH-MUM,1597.96,410675.72,05-06-2025 09:38
PO_00127,BGT_SKU_062,VNDR_013,Beauty Suppliers Inc. 13,496,05-06-2025,05-06-2025,WH-GGN,774.3,225321.3,05-06-2025 16:33
PO_00128,BGT_SKU_072,VNDR_013,Beauty Suppliers Inc. 13,34,05-06-2025,18-06-2025,WH-KOL,2011.48,472697.8,05-06-2025 07:14
PO_00129,BGT_SKU_096,VNDR_010,Beauty Suppliers Inc. 10,137,05-06-2025,12-06-2025,WH-KOL,197.56,77838.64,05-06-2025 18:09
PO_00130,BGT_SKU_017,VNDR_010,Beauty Suppliers Inc. 10,267,05-06-2025,07-06-2025,WH-BLR,934.57,401865.1,05-06-2025 21:11
PO_00131,BGT_SKU_033,VNDR_001,Beauty Suppliers Inc. 1,372,05-06-2025,15-06-2025,WH-KOL,1412.26,629867.96,05-06-2025 20:37
PO_00132,BGT_SKU_086,VNDR_001,Beauty Suppliers Inc. 1,97,05-06-2025,06-06-2025,WH-MUM,1724.97,900434.34,05-06-2025 18:08
PO_00133,BGT_SKU_003,VNDR_004,Beauty Suppliers Inc. 4,376,05-06-2025,15-06-2025,WH-MUM,328.15,303538.75,05-06-2025 16:11
PO_00134,BGT_SKU_027,VNDR_005,Beauty Suppliers Inc. 5,148,05-06-2025,15-06-2025,WH-MUM,1810.35,1133279.1,05-06-2025 12:53
PO_00135,BGT_SKU_022,VNDR_008,Beauty Suppliers Inc. 8,97,05-06-2025,10-06-2025,WH-MUM,581.21,578885.16,05-06-2025 20:38
PO_00136,BGT_SKU_086,VNDR_001,Beauty Suppliers Inc. 1,448,05-06-2025,11-06-2025,WH-MUM,1724.97,217346.22,05-06-2025 00:21
PO_00137,BGT_SKU_075,VNDR_001,Beauty Suppliers Inc. 1,144,05-06-2025,20-06-2025,WH-GGN,1190.04,537898.08,05-06-2025 05:50
PO_00138,BGT_SKU_082,VNDR_004,Beauty Suppliers Inc. 4,29,05-06-2025,11-06-2025,WH-KOL,1440.99,158508.9,05-06-2025 07:47
PO_00139,BGT_SKU_018,VNDR_005,Beauty Suppliers Inc. 5,130,06-06-2025,14-06-2025,WH-BLR,2389.97,554473.04,06-06-2025 06:56
PO_00140,BGT_SKU_072,VNDR_013,Beauty Suppliers Inc. 13,477,06-06-2025,16-06-2025,WH-KOL,2011.48,422410.8,06-06-2025 00:30
PO_00141,BGT_SKU_062,VNDR_001,Beauty Suppliers Inc. 1,242,06-06-2025,18-06-2025,WH-MUM,774.3,376309.8,06-06-2025 13:35
PO_00142,BGT_SKU_091,VNDR_013,Beauty Suppliers Inc. 13,195,06-06-2025,12-06-2025,WH-BLR,1134.79,1099611.51,06-06-2025 16:20
PO_00143,BGT_SKU_099,VNDR_012,Beauty Suppliers Inc. 12,322,06-06-2025,07-06-2025,WH-GGN,1157.34,744169.62,06-06-2025 02:20
PO_00144,BGT_SKU_074,VNDR_006,Beauty Suppliers Inc. 6,244,06-06-2025,12-06-2025,WH-BLR,1493.14,213519.02,06-06-2025 02:42
PO_00145,BGT_SKU_025,VNDR_003,Beauty Suppliers Inc. 3,363,06-06-2025,07-06-2025,WH-GGN,1698.56,1518512.64,06-06-2025 08:14
PO_00146,BGT_SKU_042,VNDR_013,Beauty Suppliers Inc. 13,302,06-06-2025,14-06-2025,WH-BLR,1041.69,541678.8,06-06-2025 01:51
PO_00147,BGT_SKU_017,VNDR_012,Beauty Suppliers Inc. 12,454,06-06-2025,20-06-2025,WH-KOL,934.57,369155.15,06-06-2025 07:47
PO_00148,BGT_SKU_045,VNDR_006,Beauty Suppliers Inc. 6,237,06-06-2025,16-06-2025,WH-BLR,1697.47,101848.2,06-06-2025 00:54
PO_00149,BGT_SKU_060,VNDR_012,Beauty Suppliers Inc. 12,88,06-06-2025,21-06-2025,WH-KOL,535.32,322797.96,06-06-2025 16:43
PO_00150,BGT_SKU_099,VNDR_012,Beauty Suppliers Inc. 12,225,06-06-2025,08-06-2025,WH-MUM,1157.34,511544.28,06-06-2025 05:56
PO_00151,BGT_SKU_049,VNDR_015,Beauty Suppliers Inc. 15,364,06-06-2025,07-06-2025,WH-KOL,1112.59,412770.89,06-06-2025 02:13
PO_00152,BGT_SKU_019,VNDR_007,Beauty Suppliers Inc. 7,420,06-06-2025,08-06-2025,WH-KOL,815.59,797647.02,06-06-2025 17:56
PO_00153,BGT_SKU_046,VNDR_008,Beauty Suppliers Inc. 8,208,06-06-2025,17-06-2025,WH-KOL,831.12,787901.76,06-06-2025 09:19
PO_00154,BGT_SKU_003,VNDR_004,Beauty Suppliers Inc. 4,354,06-06-2025,07-06-2025,WH-BLR,328.15,186061.05,06-06-2025 15:03
PO_00155,BGT_SKU_067,VNDR_015,Beauty Suppliers Inc. 15,400,06-06-2025,07-06-2025,WH-GGN,499.18,199172.82,06-06-2025 00:33
PO_00156,BGT_SKU_094,VNDR_005,Beauty Suppliers Inc. 5,61,07-06-2025,19-06-2025,WH-MUM,1236.1,362177.3,07-06-2025 22:20
PO_00157,BGT_SKU_069,VNDR_001,Beauty Suppliers Inc. 1,303,07-06-2025,18-06-2025,WH-BLR,184,74704,07-06-2025 00:28
PO_00158,BGT_SKU_017,VNDR_010,Beauty Suppliers Inc. 10,384,07-06-2025,14-06-2025,WH-KOL,934.57,522424.63,07-06-2025 02:03
PO_00159,BGT_SKU_079,VNDR_007,Beauty Suppliers Inc. 7,212,07-06-2025,12-06-2025,WH-GGN,1080.47,97242.3,07-06-2025 17:01
PO_00160,BGT_SKU_049,VNDR_004,Beauty Suppliers Inc. 4,163,07-06-2025,14-06-2025,WH-KOL,1112.59,917886.75,07-06-2025 19:58
PO_00161,BGT_SKU_098,VNDR_001,Beauty Suppliers Inc. 1,363,07-06-2025,21-06-2025,WH-KOL,1602.27,946941.57,07-06-2025 22:32
PO_00162,BGT_SKU_003,VNDR_004,Beauty Suppliers Inc. 4,162,07-06-2025,18-06-2025,WH-KOL,328.15,328150,07-06-2025 01:19
PO_00163,BGT_SKU_039,VNDR_010,Beauty Suppliers Inc. 10,47,07-06-2025,08-06-2025,WH-GGN,1426.14,648893.7,07-06-2025 06:51
PO_00164,BGT_SKU_032,VNDR_011,Beauty Suppliers Inc. 11,500,07-06-2025,15-06-2025,WH-KOL,710.34,225177.78,07-06-2025 15:18
PO_00165,BGT_SKU_009,VNDR_005,Beauty Suppliers Inc. 5,103,07-06-2025,08-06-2025,WH-MUM,850.37,488962.75,07-06-2025 07:24
PO_00166,BGT_SKU_045,VNDR_003,Beauty Suppliers Inc. 3,352,07-06-2025,21-06-2025,WH-KOL,1697.47,1537907.82,07-06-2025 10:28
PO_00167,BGT_SKU_089,VNDR_007,Beauty Suppliers Inc. 7,106,07-06-2025,14-06-2025,WH-KOL,889.1,193823.8,07-06-2025 04:53
PO_00168,BGT_SKU_023,VNDR_009,Beauty Suppliers Inc. 9,337,08-06-2025,16-06-2025,WH-KOL,1612.83,1525737.18,08-06-2025 11:32
PO_00169,BGT_SKU_088,VNDR_002,Beauty Suppliers Inc. 2,252,08-06-2025,08-06-2025,WH-MUM,1597.96,231704.2,08-06-2025 04:15
PO_00170,BGT_SKU_067,VNDR_015,Beauty Suppliers Inc. 15,427,08-06-2025,16-06-2025,WH-KOL,499.18,317478.48,08-06-2025 06:12
PO_00171,BGT_SKU_017,VNDR_012,Beauty Suppliers Inc. 12,271,08-06-2025,16-06-2025,WH-GGN,934.57,495322.1,08-06-2025 08:03
PO_00172,BGT_SKU_048,VNDR_001,Beauty Suppliers Inc. 1,308,08-06-2025,15-06-2025,WH-KOL,1364.12,1072198.32,08-06-2025 21:08
PO_00173,BGT_SKU_039,VNDR_010,Beauty Suppliers Inc. 10,15,08-06-2025,19-06-2025,WH-KOL,1426.14,1279247.58,08-06-2025 16:36
PO_00174,BGT_SKU_093,VNDR_007,Beauty Suppliers Inc. 7,478,08-06-2025,18-06-2025,WH-BLR,496.03,357637.63,08-06-2025 10:01
PO_00175,BGT_SKU_053,VNDR_002,Beauty Suppliers Inc. 2,172,08-06-2025,22-06-2025,WH-KOL,471.41,438882.71,08-06-2025 21:43
PO_00176,BGT_SKU_085,VNDR_012,Beauty Suppliers Inc. 12,288,08-06-2025,14-06-2025,WH-BLR,892.57,648005.82,08-06-2025 22:12
PO_00177,BGT_SKU_044,VNDR_013,Beauty Suppliers Inc. 13,419,08-06-2025,16-06-2025,WH-MUM,1297.75,746206.25,08-06-2025 12:07
PO_00178,BGT_SKU_044,VNDR_013,Beauty Suppliers Inc. 13,495,08-06-2025,11-06-2025,WH-GGN,1297.75,929189,08-06-2025 11:47
PO_00179,BGT_SKU_080,VNDR_003,Beauty Suppliers Inc. 3,297,08-06-2025,15-06-2025,WH-KOL,1281.08,221626.84,08-06-2025 13:55
PO_00180,BGT_SKU_013,VNDR_014,Beauty Suppliers Inc. 14,500,08-06-2025,21-06-2025,WH-BLR,466.16,381318.88,08-06-2025 07:48
PO_00181,BGT_SKU_023,VNDR_013,Beauty Suppliers Inc. 13,84,08-06-2025,14-06-2025,WH-GGN,1612.83,187088.28,08-06-2025 03:48
PO_00182,BGT_SKU_088,VNDR_003,Beauty Suppliers Inc. 3,193,08-06-2025,12-06-2025,WH-GGN,1597.96,727071.8,08-06-2025 07:14
PO_00183,BGT_SKU_067,VNDR_002,Beauty Suppliers Inc. 2,340,08-06-2025,13-06-2025,WH-GGN,499.18,206660.52,08-06-2025 11:54
PO_00184,BGT_SKU_003,VNDR_004,Beauty Suppliers Inc. 4,30,08-06-2025,09-06-2025,WH-KOL,328.15,137494.85,08-06-2025 00:40
PO_00185,BGT_SKU_019,VNDR_007,Beauty Suppliers Inc. 7,104,08-06-2025,08-06-2025,WH-GGN,815.59,250386.13,08-06-2025 01:14
PO_00186,BGT_SKU_011,VNDR_014,Beauty Suppliers Inc. 14,161,08-06-2025,15-06-2025,WH-GGN,409.67,132323.41,08-06-2025 16:04
PO_00187,BGT_SKU_061,VNDR_013,Beauty Suppliers Inc. 13,255,09-06-2025,22-06-2025,WH-MUM,1836.44,385652.4,09-06-2025 23:28
PO_00188,BGT_SKU_054,VNDR_005,Beauty Suppliers Inc. 5,14,09-06-2025,12-06-2025,WH-MUM,1529.03,172780.39,09-06-2025 23:54
PO_00189,BGT_SKU_060,VNDR_012,Beauty Suppliers Inc. 12,220,09-06-2025,16-06-2025,WH-KOL,535.32,124729.56,09-06-2025 02:01
PO_00190,BGT_SKU_027,VNDR_005,Beauty Suppliers Inc. 5,372,09-06-2025,19-06-2025,WH-BLR,1810.35,1685435.85,09-06-2025 02:25
PO_00191,BGT_SKU_100,VNDR_011,Beauty Suppliers Inc. 11,179,09-06-2025,16-06-2025,WH-MUM,860.33,357036.95,09-06-2025 19:53
PO_00192,BGT_SKU_082,VNDR_004,Beauty Suppliers Inc. 4,241,09-06-2025,18-06-2025,WH-MUM,1440.99,1404965.25,09-06-2025 03:43
PO_00193,BGT_SKU_013,VNDR_014,Beauty Suppliers Inc. 14,66,09-06-2025,09-06-2025,WH-BLR,466.16,163622.16,09-06-2025 18:39
PO_00194,BGT_SKU_066,VNDR_012,Beauty Suppliers Inc. 12,188,09-06-2025,14-06-2025,WH-KOL,692.83,318008.97,09-06-2025 08:57
PO_00195,BGT_SKU_097,VNDR_012,Beauty Suppliers Inc. 12,393,09-06-2025,11-06-2025,WH-MUM,980.72,374635.04,09-06-2025 22:20
PO_00196,BGT_SKU_055,VNDR_007,Beauty Suppliers Inc. 7,317,09-06-2025,23-06-2025,WH-MUM,1146.01,780432.81,09-06-2025 18:25
PO_00197,BGT_SKU_008,VNDR_005,Beauty Suppliers Inc. 5,155,09-06-2025,10-06-2025,WH-KOL,827.85,758310.6,09-06-2025 09:26
PO_00198,BGT_SKU_004,VNDR_013,Beauty Suppliers Inc. 13,228,09-06-2025,12-06-2025,WH-KOL,191.5,50173,09-06-2025 06:03
PO_00199,BGT_SKU_058,VNDR_011,Beauty Suppliers Inc. 11,316,09-06-2025,20-06-2025,WH-KOL,335.48,145598.32,09-06-2025 12:01
PO_00200,BGT_SKU_022,VNDR_008,Beauty Suppliers Inc. 8,458,09-06-2025,24-06-2025,WH-BLR,581.21,105780.22,09-06-2025 07:21
PO_00201,BGT_SKU_089,VNDR_007,Beauty Suppliers Inc. 7,339,10-06-2025,20-06-2025,WH-GGN,889.1,62237,10-06-2025 14:57
PO_00202,BGT_SKU_061,VNDR_007,Beauty Suppliers Inc. 7,219,10-06-2025,24-06-2025,WH-BLR,1836.44,583987.92,10-06-2025 03:55
PO_00203,BGT_SKU_072,VNDR_013,Beauty Suppliers Inc. 13,164,10-06-2025,14-06-2025,WH-KOL,2011.48,937349.68,10-06-2025 13:01
PO_00204,BGT_SKU_066,VNDR_013,Beauty Suppliers Inc. 13,97,10-06-2025,23-06-2025,WH-BLR,692.83,186371.27,10-06-2025 06:48
PO_00205,BGT_SKU_077,VNDR_013,Beauty Suppliers Inc. 13,124,10-06-2025,24-06-2025,WH-MUM,1626.27,583830.93,10-06-2025 11:48
PO_00206,BGT_SKU_053,VNDR_002,Beauty Suppliers Inc. 2,403,10-06-2025,10-06-2025,WH-GGN,471.41,374299.54,10-06-2025 04:59
PO_00207,BGT_SKU_069,VNDR_001,Beauty Suppliers Inc. 1,247,10-06-2025,12-06-2025,WH-BLR,184,91632,10-06-2025 00:14
PO_00208,BGT_SKU_036,VNDR_005,Beauty Suppliers Inc. 5,340,10-06-2025,14-06-2025,WH-GGN,1411.41,595615.02,10-06-2025 05:10
PO_00209,BGT_SKU_067,VNDR_015,Beauty Suppliers Inc. 15,103,10-06-2025,20-06-2025,WH-GGN,499.18,71881.92,10-06-2025 09:36
PO_00210,BGT_SKU_060,VNDR_012,Beauty Suppliers Inc. 12,431,10-06-2025,15-06-2025,WH-BLR,535.32,145071.72,10-06-2025 23:06
PO_00211,BGT_SKU_008,VNDR_005,Beauty Suppliers Inc. 5,41,10-06-2025,19-06-2025,WH-MUM,827.85,793080.3,10-06-2025 21:49
PO_00212,BGT_SKU_032,VNDR_003,Beauty Suppliers Inc. 3,229,10-06-2025,19-06-2025,WH-KOL,710.34,557616.9,10-06-2025 13:57
PO_00213,BGT_SKU_098,VNDR_001,Beauty Suppliers Inc. 1,302,10-06-2025,17-06-2025,WH-MUM,1602.27,229124.61,10-06-2025 01:19
PO_00214,BGT_SKU_060,VNDR_012,Beauty Suppliers Inc. 12,361,10-06-2025,20-06-2025,WH-MUM,535.32,408984.48,10-06-2025 13:19
PO_00215,BGT_SKU_038,VNDR_006,Beauty Suppliers Inc. 6,187,10-06-2025,23-06-2025,WH-KOL,1677.26,288488.72,10-06-2025 12:41
PO_00216,BGT_SKU_041,VNDR_014,Beauty Suppliers Inc. 14,197,10-06-2025,10-06-2025,WH-KOL,532.45,504230.15,10-06-2025 08:18
PO_00217,BGT_SKU_033,VNDR_001,Beauty Suppliers Inc. 1,252,10-06-2025,18-06-2025,WH-KOL,1412.26,302223.64,10-06-2025 04:13
PO_00218,BGT_SKU_071,VNDR_002,Beauty Suppliers Inc. 2,366,10-06-2025,17-06-2025,WH-KOL,1152.68,132558.2,10-06-2025 15:34
PO_00219,BGT_SKU_007,VNDR_009,Beauty Suppliers Inc. 9,27,11-06-2025,15-06-2025,WH-KOL,195.56,27182.84,11-06-2025 12:36
PO_00220,BGT_SKU_087,VNDR_005,Beauty Suppliers Inc. 5,469,11-06-2025,24-06-2025,WH-BLR,2130.16,1457029.44,11-06-2025 15:48
PO_00221,BGT_SKU_060,VNDR_012,Beauty Suppliers Inc. 12,414,11-06-2025,11-06-2025,WH-KOL,535.32,43360.92,11-06-2025 18:28
PO_00222,BGT_SKU_086,VNDR_005,Beauty Suppliers Inc. 5,179,11-06-2025,12-06-2025,WH-KOL,1724.97,1552473,11-06-2025 08:05
PO_00223,BGT_SKU_005,VNDR_009,Beauty Suppliers Inc. 9,49,11-06-2025,24-06-2025,WH-GGN,1971.76,1421638.96,11-06-2025 03:00
PO_00224,BGT_SKU_055,VNDR_010,Beauty Suppliers Inc. 10,272,11-06-2025,24-06-2025,WH-GGN,1146.01,825127.2,11-06-2025 09:12
PO_00225,BGT_SKU_011,VNDR_014,Beauty Suppliers Inc. 14,434,11-06-2025,24-06-2025,WH-GGN,409.67,237608.6,11-06-2025 07:08
PO_00226,BGT_SKU_027,VNDR_001,Beauty Suppliers Inc. 1,75,11-06-2025,23-06-2025,WH-GGN,1810.35,374742.45,11-06-2025 01:05
PO_00227,BGT_SKU_011,VNDR_015,Beauty Suppliers Inc. 15,76,12-06-2025,24-06-2025,WH-BLR,409.67,352725.87,12-06-2025 08:27
PO_00228,BGT_SKU_051,VNDR_003,Beauty Suppliers Inc. 3,459,12-06-2025,21-06-2025,WH-MUM,1094.46,223269.84,12-06-2025 21:48
PO_00229,BGT_SKU_093,VNDR_006,Beauty Suppliers Inc. 6,308,12-06-2025,23-06-2025,WH-GGN,496.03,248511.03,12-06-2025 04:19
PO_00230,BGT_SKU_078,VNDR_006,Beauty Suppliers Inc. 6,299,12-06-2025,18-06-2025,WH-GGN,1627.39,1256345.08,12-06-2025 11:33
PO_00231,BGT_SKU_044,VNDR_004,Beauty Suppliers Inc. 4,169,12-06-2025,20-06-2025,WH-KOL,1297.75,359476.75,12-06-2025 23:21
PO_00232,BGT_SKU_021,VNDR_004,Beauty Suppliers Inc. 4,129,12-06-2025,14-06-2025,WH-GGN,1061.77,930110.52,12-06-2025 05:11
PO_00233,BGT_SKU_057,VNDR_008,Beauty Suppliers Inc. 8,487,12-06-2025,12-06-2025,WH-KOL,453.69,337091.67,12-06-2025 23:44
PO_00234,BGT_SKU_074,VNDR_004,Beauty Suppliers Inc. 4,14,12-06-2025,21-06-2025,WH-GGN,1493.14,138862.02,12-06-2025 08:51
PO_00235,BGT_SKU_089,VNDR_007,Beauty Suppliers Inc. 7,318,12-06-2025,12-06-2025,WH-GGN,889.1,235611.5,12-06-2025 00:30
PO_00236,BGT_SKU_030,VNDR_011,Beauty Suppliers Inc. 11,13,12-06-2025,23-06-2025,WH-KOL,1177.97,455874.39,12-06-2025 21:19
PO_00237,BGT_SKU_031,VNDR_014,Beauty Suppliers Inc. 14,36,12-06-2025,24-06-2025,WH-KOL,1296.96,880635.84,12-06-2025 13:33
PO_00238,BGT_SKU_066,VNDR_012,Beauty Suppliers Inc. 12,417,12-06-2025,21-06-2025,WH-KOL,692.83,135101.85,12-06-2025 03:54
PO_00239,BGT_SKU_084,VNDR_007,Beauty Suppliers Inc. 7,184,13-06-2025,20-06-2025,WH-KOL,456.33,283380.93,13-06-2025 20:58
PO_00240,BGT_SKU_010,VNDR_010,Beauty Suppliers Inc. 10,392,13-06-2025,13-06-2025,WH-GGN,672.21,286361.46,13-06-2025 07:38
PO_00241,BGT_SKU_022,VNDR_008,Beauty Suppliers Inc. 8,277,13-06-2025,24-06-2025,WH-BLR,581.21,419052.41,13-06-2025 17:14
PO_00242,BGT_SKU_029,VNDR_001,Beauty Suppliers Inc. 1,275,13-06-2025,13-06-2025,WH-MUM,1413.78,617821.86,13-06-2025 23:20
PO_00243,BGT_SKU_052,VNDR_010,Beauty Suppliers Inc. 10,15,13-06-2025,24-06-2025,WH-KOL,1193.88,947940.72,13-06-2025 21:48
PO_00244,BGT_SKU_035,VNDR_005,Beauty Suppliers Inc. 5,391,13-06-2025,24-06-2025,WH-MUM,403.46,260231.7,13-06-2025 18:17
PO_00245,BGT_SKU_066,VNDR_012,Beauty Suppliers Inc. 12,352,13-06-2025,16-06-2025,WH-GGN,692.83,582670.03,13-06-2025 13:41
PO_00246,BGT_SKU_020,VNDR_009,Beauty Suppliers Inc. 9,250,14-06-2025,17-06-2025,WH-GGN,438.47,255628.01,14-06-2025 00:45
PO_00247,BGT_SKU_016,VNDR_007,Beauty Suppliers Inc. 7,347,14-06-2025,19-06-2025,WH-GGN,1336.03,1124937.26,14-06-2025 04:27
PO_00248,BGT_SKU_012,VNDR_007,Beauty Suppliers Inc. 7,135,14-06-2025,21-06-2025,WH-BLR,1457.59,1263730.53,14-06-2025 20:27
PO_00249,BGT_SKU_009,VNDR_005,Beauty Suppliers Inc. 5,446,14-06-2025,14-06-2025,WH-KOL,850.37,718562.65,14-06-2025 14:51
PO_00250,BGT_SKU_018,VNDR_015,Beauty Suppliers Inc. 15,452,14-06-2025,14-06-2025,WH-KOL,2389.97,184027.69,14-06-2025 19:37
PO_00251,BGT_SKU_066,VNDR_012,Beauty Suppliers Inc. 12,184,14-06-2025,17-06-2025,WH-MUM,692.83,184292.78,14-06-2025 23:43
PO_00252,BGT_SKU_018,VNDR_015,Beauty Suppliers Inc. 15,460,14-06-2025,18-06-2025,WH-KOL,2389.97,1682538.88,14-06-2025 14:09
PO_00253,BGT_SKU_007,VNDR_009,Beauty Suppliers Inc. 9,33,14-06-2025,21-06-2025,WH-GGN,195.56,111273.64,14-06-2025 03:55
PO_00254,BGT_SKU_063,VNDR_001,Beauty Suppliers Inc. 1,151,14-06-2025,18-06-2025,WH-KOL,1421.04,1187989.44,14-06-2025 23:04
PO_00255,BGT_SKU_023,VNDR_009,Beauty Suppliers Inc. 9,66,14-06-2025,19-06-2025,WH-KOL,1612.83,390304.86,14-06-2025 21:41
PO_00256,BGT_SKU_075,VNDR_001,Beauty Suppliers Inc. 1,368,14-06-2025,22-06-2025,WH-MUM,1190.04,913950.72,14-06-2025 22:34
PO_00257,BGT_SKU_056,VNDR_008,Beauty Suppliers Inc. 8,363,14-06-2025,14-06-2025,WH-BLR,694.51,556302.51,14-06-2025 00:46
PO_00258,BGT_SKU_093,VNDR_010,Beauty Suppliers Inc. 10,88,14-06-2025,20-06-2025,WH-GGN,496.03,399304.15,14-06-2025 08:55
PO_00259,BGT_SKU_066,VNDR_014,Beauty Suppliers Inc. 14,286,14-06-2025,23-06-2025,WH-KOL,692.83,496066.28,14-06-2025 17:47
PO_00260,BGT_SKU_050,VNDR_002,Beauty Suppliers Inc. 2,487,14-06-2025,24-06-2025,WH-KOL,336.08,207361.36,14-06-2025 04:10
PO_00261,BGT_SKU_088,VNDR_002,Beauty Suppliers Inc. 2,326,14-06-2025,24-06-2025,WH-KOL,1597.96,1591568.16,14-06-2025 11:22
PO_00262,BGT_SKU_021,VNDR_008,Beauty Suppliers Inc. 8,466,15-06-2025,15-06-2025,WH-BLR,1061.77,684841.65,15-06-2025 11:45
PO_00263,BGT_SKU_035,VNDR_009,Beauty Suppliers Inc. 9,381,15-06-2025,24-06-2025,WH-BLR,403.46,227551.44,15-06-2025 00:09
PO_00264,BGT_SKU_033,VNDR_001,Beauty Suppliers Inc. 1,224,15-06-2025,24-06-2025,WH-MUM,1412.26,1158053.2,15-06-2025 06:12
PO_00265,BGT_SKU_091,VNDR_004,Beauty Suppliers Inc. 4,489,15-06-2025,19-06-2025,WH-BLR,1134.79,247384.22,15-06-2025 20:48
PO_00266,BGT_SKU_029,VNDR_015,Beauty Suppliers Inc. 15,400,15-06-2025,24-06-2025,WH-KOL,1413.78,1196057.88,15-06-2025 23:58
PO_00267,BGT_SKU_050,VNDR_002,Beauty Suppliers Inc. 2,381,15-06-2025,19-06-2025,WH-GGN,336.08,317931.68,15-06-2025 14:07
PO_00268,BGT_SKU_092,VNDR_011,Beauty Suppliers Inc. 11,161,15-06-2025,16-06-2025,WH-MUM,1261.53,248521.41,15-06-2025 17:09
PO_00269,BGT_SKU_100,VNDR_006,Beauty Suppliers Inc. 6,204,15-06-2025,24-06-2025,WH-KOL,860.33,598789.68,15-06-2025 04:48
PO_00270,BGT_SKU_070,VNDR_015,Beauty Suppliers Inc. 15,251,15-06-2025,24-06-2025,WH-GGN,817.62,390004.74,15-06-2025 00:46
PO_00271,BGT_SKU_093,VNDR_006,Beauty Suppliers Inc. 6,69,15-06-2025,15-06-2025,WH-BLR,496.03,79364.8,15-06-2025 22:22
PO_00272,BGT_SKU_024,VNDR_011,Beauty Suppliers Inc. 11,86,15-06-2025,21-06-2025,WH-GGN,1211.99,653262.61,15-06-2025 18:36
PO_00273,BGT_SKU_008,VNDR_005,Beauty Suppliers Inc. 5,318,15-06-2025,15-06-2025,WH-MUM,827.85,211929.6,15-06-2025 23:54
PO_00274,BGT_SKU_053,VNDR_002,Beauty Suppliers Inc. 2,31,15-06-2025,15-06-2025,WH-KOL,471.41,259746.91,15-06-2025 17:56
PO_00275,BGT_SKU_069,VNDR_001,Beauty Suppliers Inc. 1,171,15-06-2025,24-06-2025,WH-GGN,184,90528,15-06-2025 13:56
PO_00276,BGT_SKU_013,VNDR_007,Beauty Suppliers Inc. 7,404,16-06-2025,19-06-2025,WH-KOL,466.16,318853.44,16-06-2025 08:57
PO_00277,BGT_SKU_069,VNDR_001,Beauty Suppliers Inc. 1,333,16-06-2025,24-06-2025,WH-MUM,184,58512,16-06-2025 14:46
PO_00278,BGT_SKU_020,VNDR_013,Beauty Suppliers Inc. 13,453,16-06-2025,17-06-2025,WH-KOL,438.47,427946.72,16-06-2025 00:31
PO_00279,BGT_SKU_061,VNDR_007,Beauty Suppliers Inc. 7,79,16-06-2025,24-06-2025,WH-KOL,1836.44,945766.6,16-06-2025 21:36
PO_00280,BGT_SKU_017,VNDR_010,Beauty Suppliers Inc. 10,446,16-06-2025,17-06-2025,WH-MUM,934.57,248595.62,16-06-2025 20:25
PO_00281,BGT_SKU_099,VNDR_012,Beauty Suppliers Inc. 12,40,16-06-2025,24-06-2025,WH-GGN,1157.34,320583.18,16-06-2025 20:33
PO_00282,BGT_SKU_064,VNDR_009,Beauty Suppliers Inc. 9,220,16-06-2025,17-06-2025,WH-GGN,1691.7,876300.6,16-06-2025 13:36
PO_00283,BGT_SKU_029,VNDR_009,Beauty Suppliers Inc. 9,199,16-06-2025,24-06-2025,WH-MUM,1413.78,405754.86,16-06-2025 02:09
PO_00284,BGT_SKU_096,VNDR_010,Beauty Suppliers Inc. 10,93,16-06-2025,24-06-2025,WH-MUM,197.56,18768.2,16-06-2025 05:20
PO_00285,BGT_SKU_087,VNDR_013,Beauty Suppliers Inc. 13,80,16-06-2025,18-06-2025,WH-BLR,2130.16,1139635.6,16-06-2025 07:04
PO_00286,BGT_SKU_040,VNDR_004,Beauty Suppliers Inc. 4,273,16-06-2025,24-06-2025,WH-MUM,318.09,220754.46,16-06-2025 05:50
PO_00287,BGT_SKU_008,VNDR_010,Beauty Suppliers Inc. 10,466,16-06-2025,24-06-2025,WH-KOL,827.85,178815.6,16-06-2025 08:13
PO_00288,BGT_SKU_045,VNDR_003,Beauty Suppliers Inc. 3,429,16-06-2025,20-06-2025,WH-MUM,1697.47,269897.73,16-06-2025 05:48
PO_00289,BGT_SKU_015,VNDR_013,Beauty Suppliers Inc. 13,443,16-06-2025,24-06-2025,WH-GGN,183.32,67461.76,16-06-2025 14:54
PO_00290,BGT_SKU_045,VNDR_003,Beauty Suppliers Inc. 3,108,16-06-2025,21-06-2025,WH-BLR,1697.47,631458.84,16-06-2025 00:39
PO_00291,BGT_SKU_074,VNDR_004,Beauty Suppliers Inc. 4,351,16-06-2025,21-06-2025,WH-KOL,1493.14,298628,16-06-2025 15:13
PO_00292,BGT_SKU_058,VNDR_011,Beauty Suppliers Inc. 11,141,16-06-2025,24-06-2025,WH-MUM,335.48,133856.52,16-06-2025 16:55
PO_00293,BGT_SKU_015,VNDR_008,Beauty Suppliers Inc. 8,255,16-06-2025,18-06-2025,WH-GGN,183.32,160954.96,16-06-2025 09:34
PO_00294,BGT_SKU_045,VNDR_006,Beauty Suppliers Inc. 6,18,16-06-2025,24-06-2025,WH-BLR,1697.47,439644.73,16-06-2025 21:16
PO_00295,BGT_SKU_026,VNDR_005,Beauty Suppliers Inc. 5,381,16-06-2025,24-06-2025,WH-MUM,1968.9,1504239.6,16-06-2025 08:53
PO_00296,BGT_SKU_035,VNDR_009,Beauty Suppliers Inc. 9,392,17-06-2025,23-06-2025,WH-GGN,403.46,40749.46,17-06-2025 19:14
PO_00297,BGT_SKU_041,VNDR_008,Beauty Suppliers Inc. 8,122,17-06-2025,20-06-2025,WH-KOL,532.45,254511.1,17-06-2025 23:19
PO_00298,BGT_SKU_094,VNDR_004,Beauty Suppliers Inc. 4,83,17-06-2025,24-06-2025,WH-KOL,1236.1,156984.7,17-06-2025 07:07
PO_00299,BGT_SKU_056,VNDR_001,Beauty Suppliers Inc. 1,387,17-06-2025,23-06-2025,WH-GGN,694.51,537550.74,17-06-2025 22:41
PO_00300,BGT_SKU_066,VNDR_014,Beauty Suppliers Inc. 14,67,17-06-2025,22-06-2025,WH-BLR,692.83,92146.39,17-06-2025 09:22
PO_00301,BGT_SKU_028,VNDR_006,Beauty Suppliers Inc. 6,467,17-06-2025,24-06-2025,WH-BLR,1552.89,1285792.92,17-06-2025 04:59
PO_00302,BGT_SKU_064,VNDR_015,Beauty Suppliers Inc. 15,198,17-06-2025,20-06-2025,WH-BLR,1691.7,911826.3,17-06-2025 03:01
PO_00303,BGT_SKU_015,VNDR_008,Beauty Suppliers Inc. 8,452,17-06-2025,24-06-2025,WH-BLR,183.32,125574.2,17-06-2025 00:10
PO_00304,BGT_SKU_032,VNDR_003,Beauty Suppliers Inc. 3,402,17-06-2025,24-06-2025,WH-BLR,710.34,193922.82,17-06-2025 07:49
PO_00305,BGT_SKU_020,VNDR_013,Beauty Suppliers Inc. 13,358,17-06-2025,23-06-2025,WH-MUM,438.47,313506.05,17-06-2025 19:46
PO_00306,BGT_SKU_025,VNDR_006,Beauty Suppliers Inc. 6,366,17-06-2025,24-06-2025,WH-BLR,1698.56,1355450.88,17-06-2025 05:29
PO_00307,BGT_SKU_001,VNDR_015,Beauty Suppliers Inc. 15,183,17-06-2025,21-06-2025,WH-MUM,625.16,293825.2,17-06-2025 09:19
PO_00308,BGT_SKU_052,VNDR_010,Beauty Suppliers Inc. 10,254,17-06-2025,24-06-2025,WH-BLR,1193.88,618429.84,17-06-2025 18:42
PO_00309,BGT_SKU_054,VNDR_005,Beauty Suppliers Inc. 5,455,17-06-2025,24-06-2025,WH-GGN,1529.03,536689.53,17-06-2025 01:01
PO_00310,BGT_SKU_095,VNDR_007,Beauty Suppliers Inc. 7,453,17-06-2025,24-06-2025,WH-GGN,727.62,92407.74,17-06-2025 17:50
PO_00311,BGT_SKU_033,VNDR_001,Beauty Suppliers Inc. 1,116,17-06-2025,21-06-2025,WH-MUM,1412.26,405318.62,17-06-2025 04:32
PO_00312,BGT_SKU_071,VNDR_002,Beauty Suppliers Inc. 2,77,17-06-2025,21-06-2025,WH-MUM,1152.68,68008.12,17-06-2025 13:37
PO_00313,BGT_SKU_022,VNDR_008,Beauty Suppliers Inc. 8,323,17-06-2025,20-06-2025,WH-GGN,581.21,234227.63,17-06-2025 14:09
PO_00314,BGT_SKU_061,VNDR_007,Beauty Suppliers Inc. 7,239,18-06-2025,22-06-2025,WH-BLR,1836.44,1044934.36,18-06-2025 13:16
PO_00315,BGT_SKU_034,VNDR_015,Beauty Suppliers Inc. 15,290,18-06-2025,24-06-2025,WH-GGN,2035.75,848907.75,18-06-2025 06:44
PO_00316,BGT_SKU_100,VNDR_011,Beauty Suppliers Inc. 11,171,18-06-2025,24-06-2025,WH-KOL,860.33,512756.68,18-06-2025 12:01
PO_00317,BGT_SKU_099,VNDR_012,Beauty Suppliers Inc. 12,109,18-06-2025,21-06-2025,WH-MUM,1157.34,163184.94,18-06-2025 13:53
PO_00318,BGT_SKU_021,VNDR_008,Beauty Suppliers Inc. 8,261,18-06-2025,22-06-2025,WH-KOL,1061.77,594591.2,18-06-2025 15:51
PO_00319,BGT_SKU_096,VNDR_007,Beauty Suppliers Inc. 7,47,18-06-2025,24-06-2025,WH-GGN,197.56,152713.88,18-06-2025 14:58
PO_00320,BGT_SKU_059,VNDR_005,Beauty Suppliers Inc. 5,494,18-06-2025,24-06-2025,WH-KOL,787.78,167009.36,18-06-2025 01:34
PO_00321,BGT_SKU_088,VNDR_003,Beauty Suppliers Inc. 3,262,18-06-2025,22-06-2025,WH-BLR,1597.96,1022694.4,18-06-2025 02:13
PO_00322,BGT_SKU_041,VNDR_008,Beauty Suppliers Inc. 8,452,18-06-2025,23-06-2025,WH-MUM,532.45,62296.65,18-06-2025 03:38
PO_00323,BGT_SKU_039,VNDR_010,Beauty Suppliers Inc. 10,192,18-06-2025,24-06-2025,WH-KOL,1426.14,1113815.34,18-06-2025 08:53
PO_00324,BGT_SKU_027,VNDR_001,Beauty Suppliers Inc. 1,209,18-06-2025,20-06-2025,WH-KOL,1810.35,1513452.6,18-06-2025 20:52
PO_00325,BGT_SKU_050,VNDR_002,Beauty Suppliers Inc. 2,329,18-06-2025,19-06-2025,WH-BLR,336.08,72593.28,18-06-2025 22:29
PO_00326,BGT_SKU_008,VNDR_005,Beauty Suppliers Inc. 5,92,18-06-2025,19-06-2025,WH-GGN,827.85,351836.25,18-06-2025 11:02
PO_00327,BGT_SKU_024,VNDR_009,Beauty Suppliers Inc. 9,111,18-06-2025,24-06-2025,WH-BLR,1211.99,855664.94,18-06-2025 09:06
PO_00328,BGT_SKU_032,VNDR_011,Beauty Suppliers Inc. 11,469,18-06-2025,24-06-2025,WH-GGN,710.34,103709.64,18-06-2025 22:35
PO_00329,BGT_SKU_050,VNDR_002,Beauty Suppliers Inc. 2,306,18-06-2025,24-06-2025,WH-BLR,336.08,134432,18-06-2025 17:19
PO_00330,BGT_SKU_081,VNDR_014,Beauty Suppliers Inc. 14,130,18-06-2025,24-06-2025,WH-MUM,136.78,10258.5,18-06-2025 03:48
PO_00331,BGT_SKU_023,VNDR_013,Beauty Suppliers Inc. 13,394,19-06-2025,24-06-2025,WH-MUM,1612.83,875766.69,19-06-2025 20:39
PO_00332,BGT_SKU_084,VNDR_007,Beauty Suppliers Inc. 7,117,19-06-2025,23-06-2025,WH-GGN,456.33,179794.02,19-06-2025 04:48
PO_00333,BGT_SKU_100,VNDR_011,Beauty Suppliers Inc. 11,184,19-06-2025,19-06-2025,WH-MUM,860.33,44737.16,19-06-2025 13:15
PO_00334,BGT_SKU_004,VNDR_005,Beauty Suppliers Inc. 5,124,19-06-2025,24-06-2025,WH-KOL,191.5,98814,19-06-2025 09:49
PO_00335,BGT_SKU_055,VNDR_010,Beauty Suppliers Inc. 10,265,19-06-2025,24-06-2025,WH-KOL,1146.01,673853.88,19-06-2025 14:54
PO_00336,BGT_SKU_092,VNDR_009,Beauty Suppliers Inc. 9,304,19-06-2025,23-06-2025,WH-BLR,1261.53,396120.42,19-06-2025 02:26
PO_00337,BGT_SKU_092,VNDR_009,Beauty Suppliers Inc. 9,423,19-06-2025,24-06-2025,WH-GGN,1261.53,389812.77,19-06-2025 11:08
PO_00338,BGT_SKU_018,VNDR_011,Beauty Suppliers Inc. 11,146,19-06-2025,23-06-2025,WH-GGN,2389.97,1402912.39,19-06-2025 00:38
PO_00339,BGT_SKU_060,VNDR_012,Beauty Suppliers Inc. 12,85,19-06-2025,24-06-2025,WH-MUM,535.32,373653.36,19-06-2025 04:17
PO_00340,BGT_SKU_010,VNDR_010,Beauty Suppliers Inc. 10,277,19-06-2025,24-06-2025,WH-GGN,672.21,572050.71,19-06-2025 15:21
PO_00341,BGT_SKU_051,VNDR_003,Beauty Suppliers Inc. 3,192,19-06-2025,24-06-2025,WH-BLR,1094.46,655581.54,19-06-2025 12:11
PO_00342,BGT_SKU_017,VNDR_010,Beauty Suppliers Inc. 10,87,19-06-2025,19-06-2025,WH-GGN,934.57,708404.06,19-06-2025 08:08
PO_00343,BGT_SKU_012,VNDR_007,Beauty Suppliers Inc. 7,81,20-06-2025,24-06-2025,WH-GGN,1457.59,246332.71,20-06-2025 09:52
PO_00344,BGT_SKU_060,VNDR_012,Beauty Suppliers Inc. 12,253,20-06-2025,24-06-2025,WH-MUM,535.32,57814.56,20-06-2025 05:43
PO_00345,BGT_SKU_030,VNDR_011,Beauty Suppliers Inc. 11,496,20-06-2025,24-06-2025,WH-GGN,1177.97,952977.73,20-06-2025 17:00
PO_00346,BGT_SKU_042,VNDR_005,Beauty Suppliers Inc. 5,189,20-06-2025,22-06-2025,WH-GGN,1041.69,384383.61,20-06-2025 07:27
PO_00347,BGT_SKU_013,VNDR_014,Beauty Suppliers Inc. 14,77,20-06-2025,24-06-2025,WH-KOL,466.16,133321.76,20-06-2025 10:43
PO_00348,BGT_SKU_045,VNDR_003,Beauty Suppliers Inc. 3,123,20-06-2025,24-06-2025,WH-MUM,1697.47,972650.31,20-06-2025 03:32
PO_00349,BGT_SKU_056,VNDR_008,Beauty Suppliers Inc. 8,304,20-06-2025,22-06-2025,WH-GGN,694.51,595195.07,20-06-2025 22:35
PO_00350,BGT_SKU_069,VNDR_001,Beauty Suppliers Inc. 1,102,20-06-2025,24-06-2025,WH-GGN,184,52992,20-06-2025 18:51
PO_00351,BGT_SKU_027,VNDR_005,Beauty Suppliers Inc. 5,296,20-06-2025,24-06-2025,WH-GGN,1810.35,1658280.6,20-06-2025 22:01
PO_00352,BGT_SKU_043,VNDR_015,Beauty Suppliers Inc. 15,94,20-06-2025,24-06-2025,WH-MUM,217.98,197053.92,20-06-2025 22:46
PO_00353,BGT_SKU_040,VNDR_011,Beauty Suppliers Inc. 11,218,20-06-2025,24-06-2025,WH-GGN,318.09,160317.36,20-06-2025 15:49
PO_00354,BGT_SKU_091,VNDR_013,Beauty Suppliers Inc. 13,184,20-06-2025,24-06-2025,WH-KOL,1134.79,106670.26,20-06-2025 12:31
PO_00355,BGT_SKU_064,VNDR_015,Beauty Suppliers Inc. 15,68,20-06-2025,24-06-2025,WH-BLR,1691.7,1035320.4,20-06-2025 16:18
PO_00356,BGT_SKU_042,VNDR_005,Beauty Suppliers Inc. 5,126,20-06-2025,24-06-2025,WH-BLR,1041.69,885436.5,20-06-2025 15:55
PO_00357,BGT_SKU_071,VNDR_002,Beauty Suppliers Inc. 2,442,21-06-2025,23-06-2025,WH-MUM,1152.68,532538.16,21-06-2025 00:15
PO_00358,BGT_SKU_009,VNDR_005,Beauty Suppliers Inc. 5,186,21-06-2025,24-06-2025,WH-MUM,850.37,158168.82,21-06-2025 22:09
PO_00359,BGT_SKU_054,VNDR_005,Beauty Suppliers Inc. 5,474,21-06-2025,24-06-2025,WH-KOL,1529.03,1233927.21,21-06-2025 17:26
PO_00360,BGT_SKU_089,VNDR_007,Beauty Suppliers Inc. 7,400,21-06-2025,21-06-2025,WH-MUM,889.1,801079.1,21-06-2025 17:20
PO_00361,BGT_SKU_038,VNDR_006,Beauty Suppliers Inc. 6,104,21-06-2025,24-06-2025,WH-GGN,1677.26,139212.58,21-06-2025 20:47
PO_00362,BGT_SKU_055,VNDR_007,Beauty Suppliers Inc. 7,259,21-06-2025,24-06-2025,WH-GGN,1146.01,383913.35,21-06-2025 17:19
PO_00363,BGT_SKU_017,VNDR_012,Beauty Suppliers Inc. 12,293,21-06-2025,24-06-2025,WH-BLR,934.57,581302.54,21-06-2025 23:25
PO_00364,BGT_SKU_070,VNDR_015,Beauty Suppliers Inc. 15,170,21-06-2025,24-06-2025,WH-BLR,817.62,95661.54,21-06-2025 05:44
PO_00365,BGT_SKU_066,VNDR_014,Beauty Suppliers Inc. 14,43,22-06-2025,22-06-2025,WH-GGN,692.83,536250.42,22-06-2025 23:32
PO_00366,BGT_SKU_029,VNDR_009,Beauty Suppliers Inc. 9,390,22-06-2025,24-06-2025,WH-GGN,1413.78,807268.38,22-06-2025 01:20
PO_00367,BGT_SKU_021,VNDR_004,Beauty Suppliers Inc. 4,304,22-06-2025,23-06-2025,WH-BLR,1061.77,843045.38,22-06-2025 04:49
PO_00368,BGT_SKU_031,VNDR_014,Beauty Suppliers Inc. 14,288,22-06-2025,24-06-2025,WH-KOL,1296.96,1027192.32,22-06-2025 00:14
PO_00369,BGT_SKU_094,VNDR_005,Beauty Suppliers Inc. 5,191,22-06-2025,24-06-2025,WH-BLR,1236.1,640299.8,22-06-2025 09:41
PO_00370,BGT_SKU_059,VNDR_005,Beauty Suppliers Inc. 5,106,22-06-2025,22-06-2025,WH-KOL,787.78,408857.82,22-06-2025 05:12
PO_00371,BGT_SKU_010,VNDR_010,Beauty Suppliers Inc. 10,276,22-06-2025,24-06-2025,WH-GGN,672.21,623138.67,22-06-2025 12:19
PO_00372,BGT_SKU_017,VNDR_012,Beauty Suppliers Inc. 12,270,22-06-2025,24-06-2025,WH-KOL,934.57,367286.01,22-06-2025 22:59
PO_00373,BGT_SKU_032,VNDR_003,Beauty Suppliers Inc. 3,236,22-06-2025,24-06-2025,WH-GGN,710.34,438990.12,22-06-2025 03:06
PO_00374,BGT_SKU_042,VNDR_013,Beauty Suppliers Inc. 13,276,22-06-2025,24-06-2025,WH-BLR,1041.69,505219.65,22-06-2025 12:54
PO_00375,BGT_SKU_025,VNDR_001,Beauty Suppliers Inc. 1,34,22-06-2025,24-06-2025,WH-GGN,1698.56,1307891.2,22-06-2025 00:21
PO_00376,BGT_SKU_016,VNDR_014,Beauty Suppliers Inc. 14,317,22-06-2025,24-06-2025,WH-BLR,1336.03,586517.17,22-06-2025 06:08
PO_00377,BGT_SKU_021,VNDR_004,Beauty Suppliers Inc. 4,254,22-06-2025,23-06-2025,WH-MUM,1061.77,686965.19,22-06-2025 11:06
PO_00378,BGT_SKU_002,VNDR_004,Beauty Suppliers Inc. 4,400,22-06-2025,24-06-2025,WH-KOL,1889.17,1515114.34,22-06-2025 22:34
PO_00379,BGT_SKU_055,VNDR_007,Beauty Suppliers Inc. 7,236,23-06-2025,24-06-2025,WH-MUM,1146.01,732300.39,23-06-2025 02:04
PO_00380,BGT_SKU_088,VNDR_003,Beauty Suppliers Inc. 3,168,23-06-2025,24-06-2025,WH-KOL,1597.96,893259.64,23-06-2025 00:05
PO_00381,BGT_SKU_079,VNDR_007,Beauty Suppliers Inc. 7,145,23-06-2025,24-06-2025,WH-MUM,1080.47,278761.26,23-06-2025 16:22
PO_00382,BGT_SKU_066,VNDR_012,Beauty Suppliers Inc. 12,219,23-06-2025,24-06-2025,WH-GGN,692.83,315930.48,23-06-2025 22:52
PO_00383,BGT_SKU_061,VNDR_013,Beauty Suppliers Inc. 13,71,23-06-2025,24-06-2025,WH-GGN,1836.44,1612394.32,23-06-2025 09:34
PO_00384,BGT_SKU_027,VNDR_001,Beauty Suppliers Inc. 1,444,23-06-2025,24-06-2025,WH-KOL,1810.35,210000.6,23-06-2025 05:27
PO_00385,BGT_SKU_084,VNDR_009,Beauty Suppliers Inc. 9,30,23-06-2025,24-06-2025,WH-MUM,456.33,313955.04,23-06-2025 10:08
PO_00386,BGT_SKU_039,VNDR_010,Beauty Suppliers Inc. 10,419,23-06-2025,24-06-2025,WH-KOL,1426.14,285228,23-06-2025 13:28
PO_00387,BGT_SKU_046,VNDR_008,Beauty Suppliers Inc. 8,265,24-06-2025,24-06-2025,WH-KOL,831.12,42387.12,24-06-2025 14:01
PO_00388,BGT_SKU_067,VNDR_015,Beauty Suppliers Inc. 15,238,24-06-2025,24-06-2025,WH-GGN,499.18,106824.52,24-06-2025 19:09
PO_00389,BGT_SKU_060,VNDR_012,Beauty Suppliers Inc. 12,275,24-06-2025,24-06-2025,WH-KOL,535.32,95822.28,24-06-2025 08:39
PO_00390,BGT_SKU_048,VNDR_005,Beauty Suppliers Inc. 5,468,24-06-2025,24-06-2025,WH-MUM,1364.12,88667.8,24-06-2025 21:07
PO_00391,BGT_SKU_035,VNDR_005,Beauty Suppliers Inc. 5,219,24-06-2025,24-06-2025,WH-MUM,403.46,301384.62,24-06-2025 04:56
PO_00392,BGT_SKU_072,VNDR_013,Beauty Suppliers Inc. 13,294,24-06-2025,24-06-2025,WH-KOL,2011.48,1645390.64,24-06-2025 03:39
PO_00393,BGT_SKU_009,VNDR_004,Beauty Suppliers Inc. 4,185,24-06-2025,24-06-2025,WH-BLR,850.37,181979.18,24-06-2025 04:59
